-- Produto facas/luvas

INSERT INTO TB_PRODUTO(CODIGO_PRODUTO, DESCRICAO, CODIGO_CATEGORIA, CODIGO_SUBCATEGORIA, CODIGO_COLECAO, CODIGO_RARIDADE, CODIGO_EXTERIOR, FLOAT_DESGASTE, PATTERN, TRADE_LOCK, URL_IMAGEM_PRODUTO)  VALUES(49,'Karambit | Floresta Borea',6,1,3,5,3,0.36,1000,7,'faca-karambit');
INSERT INTO TB_PRODUTO(CODIGO_PRODUTO, DESCRICAO, CODIGO_CATEGORIA, CODIGO_SUBCATEGORIA, CODIGO_COLECAO, CODIGO_RARIDADE, CODIGO_EXTERIOR, FLOAT_DESGASTE, PATTERN, TRADE_LOCK, URL_IMAGEM_PRODUTO)  VALUES(50,'Faca do Caçador | Doppler (Phase 3)',6,1,9,5,2,0.14,1000,7,'faca-faca-do-cacador');
INSERT INTO TB_PRODUTO(CODIGO_PRODUTO, DESCRICAO, CODIGO_CATEGORIA, CODIGO_SUBCATEGORIA, CODIGO_COLECAO, CODIGO_RARIDADE, CODIGO_EXTERIOR, FLOAT_DESGASTE, PATTERN, TRADE_LOCK, URL_IMAGEM_PRODUTO)  VALUES(51,'Faca Bowie | Manchado',6,1,1,5,3,0.30,1000,7,'faca-faca-bowie');
INSERT INTO TB_PRODUTO(CODIGO_PRODUTO, DESCRICAO, CODIGO_CATEGORIA, CODIGO_SUBCATEGORIA, CODIGO_COLECAO, CODIGO_RARIDADE, CODIGO_EXTERIOR, FLOAT_DESGASTE, PATTERN, TRADE_LOCK, URL_IMAGEM_PRODUTO)  VALUES(52,'Luvas de Motociclismo | POW!',7,1,3,5,1,0.04,1000,7,'luva-luvas-de-motociclismo');
INSERT INTO TB_PRODUTO(CODIGO_PRODUTO, DESCRICAO, CODIGO_CATEGORIA, CODIGO_SUBCATEGORIA, CODIGO_COLECAO, CODIGO_RARIDADE, CODIGO_EXTERIOR, FLOAT_DESGASTE, PATTERN, TRADE_LOCK, URL_IMAGEM_PRODUTO)  VALUES(53,'Faixas | CUIDADO!',7,1,18,5,5,0.79,1000,7,'luva-faixas-cuidado');
INSERT INTO TB_PRODUTO(CODIGO_PRODUTO, DESCRICAO, CODIGO_CATEGORIA, CODIGO_SUBCATEGORIA, CODIGO_COLECAO, CODIGO_RARIDADE, CODIGO_EXTERIOR, FLOAT_DESGASTE, PATTERN, TRADE_LOCK, URL_IMAGEM_PRODUTO)  VALUES(54,'Faixas | Superimpressão',7,1,9,5,5,0.81,1000,7,'luva-faixas-superimpressao');

-- Estoque facas/luvas

INSERT INTO TB_ESTOQUE(CODIGO_PRODUTO, CODIGO_CONTA_STEAM, FLAG_QUANTIDADE) VALUES(49,1,true);
INSERT INTO TB_ESTOQUE(CODIGO_PRODUTO, CODIGO_CONTA_STEAM, FLAG_QUANTIDADE) VALUES(50,1,true);
INSERT INTO TB_ESTOQUE(CODIGO_PRODUTO, CODIGO_CONTA_STEAM, FLAG_QUANTIDADE) VALUES(51,1,true);
INSERT INTO TB_ESTOQUE(CODIGO_PRODUTO, CODIGO_CONTA_STEAM, FLAG_QUANTIDADE) VALUES(52,1,true);
INSERT INTO TB_ESTOQUE(CODIGO_PRODUTO, CODIGO_CONTA_STEAM, FLAG_QUANTIDADE) VALUES(53,1,true);
INSERT INTO TB_ESTOQUE(CODIGO_PRODUTO, CODIGO_CONTA_STEAM, FLAG_QUANTIDADE) VALUES(54,1,true);

-- Preco facas/luvas

INSERT INTO TB_PRECO(CODIGO_PRODUTO, CODIGO_CATEGORIA_PRECO, DATA_VIGENCIA, VALOR_PRECO) VALUES(49,1,'2021-11-26',500.0);
INSERT INTO TB_PRECO(CODIGO_PRODUTO, CODIGO_CATEGORIA_PRECO, DATA_VIGENCIA, VALOR_PRECO) VALUES(50,1,'2021-11-26',720.0);
INSERT INTO TB_PRECO(CODIGO_PRODUTO, CODIGO_CATEGORIA_PRECO, DATA_VIGENCIA, VALOR_PRECO) VALUES(51,1,'2021-11-26',1000.0);
INSERT INTO TB_PRECO(CODIGO_PRODUTO, CODIGO_CATEGORIA_PRECO, DATA_VIGENCIA, VALOR_PRECO) VALUES(52,1,'2021-11-26',650.0);
INSERT INTO TB_PRECO(CODIGO_PRODUTO, CODIGO_CATEGORIA_PRECO, DATA_VIGENCIA, VALOR_PRECO) VALUES(53,1,'2021-11-26',890.0);
INSERT INTO TB_PRECO(CODIGO_PRODUTO, CODIGO_CATEGORIA_PRECO, DATA_VIGENCIA, VALOR_PRECO) VALUES(54,1,'2021-11-26',485.0);

